<application>
  <component name="FileTypeManager" version="18">
    <extensionMap>
      <mapping pattern="zprofile_common" type="AUTO_DETECTED" />
      <mapping pattern="git_ignore" type="AUTO_DETECTED" />
      <mapping pattern="PooledDataSource" type="CLASS" />
      <mapping pattern="Jenkinsfile" type="Groovy" />
      <mapping pattern=".databases" type="PLAIN_TEXT" />
      <mapping pattern="credentials" type="PLAIN_TEXT" />
      <mapping pattern=".esllintrc" type="PLAIN_TEXT" />
      <mapping pattern=".env_old" type="PLAIN_TEXT" />
      <mapping pattern="42922c60-cfcf-4cba-aa31-51f3c4e6c20a" type="PLAIN_TEXT" />
      <mapping pattern="BadOriginError" type="PLAIN_TEXT" />
      <mapping pattern="healthcheck (1)" type="PLAIN_TEXT" />
      <mapping pattern="authorized_keys" type="PLAIN_TEXT" />
      <mapping pattern="raw" type="PLAIN_TEXT" />
      <mapping pattern=".pgpass" type="PLAIN_TEXT" />
      <mapping pattern="file_5m" type="PLAIN_TEXT" />
      <mapping ext="schem" type="PLAIN_TEXT" />
      <mapping ext="nlm" type="PLAIN_TEXT" />
      <mapping ext="jsc" type="PLAIN_TEXT" />
      <mapping ext="rrf" type="PLAIN_TEXT" />
      <mapping ext="whl" type="PLAIN_TEXT" />
      <mapping ext="vim2" type="PLAIN_TEXT" />
      <mapping ext="svh" type="PLAIN_TEXT" />
      <removed_mapping ext="bat" approved="true" type="PLAIN_TEXT" />
      <removed_mapping ext="cfg" approved="true" type="PLAIN_TEXT" />
      <removed_mapping ext="cmd" approved="true" type="PLAIN_TEXT" />
      <removed_mapping ext="csv" approved="true" type="CSV" />
      <removed_mapping ext="dockerfile" approved="true" type="textmate" />
      <removed_mapping ext="gql" approved="true" type="Graql" />
      <removed_mapping ext="ignore" approved="true" type="IgnoreLang file" />
      <removed_mapping ext="log" approved="true" type="PLAIN_TEXT" />
      <removed_mapping ext="makefile" approved="true" type="textmate" />
      <removed_mapping ext="md" approved="true" type="PLAIN_TEXT" />
      <removed_mapping ext="snakefile" approved="true" type="textmate" />
      <removed_mapping ext="tsv" approved="true" type="CSV/TSV" />
      <removed_mapping pattern="css-modules.ts" approved="true" type="PLAIN_TEXT" />
      <mapping ext="gradle.kts" type="Kotlin" />
      <mapping ext="main.kts" type="Kotlin" />
      <mapping pattern=".screenrc" type="Bash" />
    </extensionMap>
  </component>
</application>