<application>
  <component name="FindSettings">
    <option name="customScope" value="All Places" />
    <option name="defaultScopeName" value="All Places" />
    <option name="localRegularExpressions" value="true" />
    <option name="regularExpressions" value="true" />
    <option name="REGULAR_EXPRESSIONS" value="true" />
    <option name="LOCAL_REGULAR_EXPRESSIONS" value="true" />
    <option name="SEARCH_SCOPE" value="All Places" />
    <mask>*.properties</mask>
    <mask>*.html</mask>
    <mask>*.jsp</mask>
    <mask>*.xml</mask>
    <mask>*.java</mask>
    <mask>*.as</mask>
    <mask>*.css</mask>
    <mask>*.mxml</mask>
    <mask>style.*.js,style*.jsx</mask>
    <mask>*.js,*.jsx</mask>
    <mask>*.js,*.jsx,*mjs</mask>
    <mask>*.py</mask>
    <mask>*.js</mask>
    <mask>*.js,*.jsx,*mjs,!*hot-update*,!main*</mask>
    <mask>*.js,*.jsx,*mjs,!*hot-update*,!main*,!dist*</mask>
    <mask>*.js,*.jsx,*mjs,!*hot-update*,!main*,!**dist**</mask>
    <mask>*.js,*.jsx,*mjs,*scss,*css,!*hot-update*,!main*,!**dist**</mask>
    <mask>*.py,*.js,*.jsx,*mjs,*scss,*css,!*hot-update*,!main*,!**dist**</mask>
    <mask>*.ts,*.tsx,*.py,*.js,*.jsx,*mjs,*scss,*css,!*hot-update*,!main*,!**dist**</mask>
    <mask>!*dist*</mask>
    <mask>!*.spec.ts,!*.spec.js,!*.test.ts,!*.test.js</mask>
    <mask>styles.ts</mask>
    <mask>!*.spec.ts,!*.spec.js,!*.test.ts,!*.test.js,!*.hot-update*,!main.*</mask>
    <mask>!*.spec.ts*,!*.spec.js*,!*.test.ts*,!*.test.js*,!*.hot-update*,!main.*</mask>
    <mask>!*.spec.ts*,!*.spec.js*,!*.test.ts*,!*.test.js*,!*.hot-update*,!main.*,!*.html</mask>
    <mask>!*.spec.ts*,!*.spec.js*,!*.test.ts*,!*.test.js*,!*.hot-update*,!*.html</mask>
    <mask>!*.spec.ts*,!*.spec.js*,!*.test.ts*,!*.test.js*,!*.hot-update*,!*.html,!build*,!dist*</mask>
    <mask>!*.spec.ts*,!*.spec.js*,!*.test.ts*,!*.test.js*,!*.hot-update*,!*.html,!**build**,!**dist**</mask>
    <mask>!*.spec.ts*,!*.spec.js*,!*.test.ts*,!*.test.js*,!*.hot-update*,!*.html,!**build**,!**dist**,!**generated**</mask>
  </component>
</application>