<application>
  <component name="NodeJsLocalInterpreterManager">
    <local-interpreter path="/usr/local/bin/node" />
    <local-interpreter path="$USER_HOME$/.nvm/versions/node/v8.9.1/bin/node" />
    <local-interpreter path="$USER_HOME$/.nvm/versions/node/v8.7.0/bin/node" />
    <local-interpreter path="$USER_HOME$/.nvm/versions/node/v8.2.0/bin/node" />
    <local-interpreter path="$USER_HOME$/.nvm/versions/node/v8.0.0/bin/node" />
    <local-interpreter path="/usr/local/Cellar/node/7.4.0/bin/node" />
    <local-interpreter path="$USER_HOME$/.nvm/versions/node/v4.0.0/bin/node" />
  </component>
</application>