<toolSet name="External Tools">
  <tool name="lint fix - current file" description="Fixes lint issues" showInMainMenu="false" showInEditor="false" showInProject="false" showInSearchPopup="false" disabled="false" useConsole="false" showConsoleOnStdOut="false" showConsoleOnStdErr="true" synchronizeAfterRun="true">
    <exec>
      <option name="COMMAND" value="npm" />
      <option name="PARAMETERS" value="run lint:fix -- $FilePathRelativeToProjectRoot$" />
      <option name="WORKING_DIRECTORY" value="$ModuleFileDir$" />
    </exec>
  </tool>
  <tool name="lint fix - console" description="Fixes lint issues" showInMainMenu="false" showInEditor="false" showInProject="false" showInSearchPopup="false" disabled="false" useConsole="true" showConsoleOnStdOut="true" showConsoleOnStdErr="true" synchronizeAfterRun="true">
    <exec>
      <option name="COMMAND" value="npm" />
      <option name="PARAMETERS" value="run lint:fix" />
      <option name="WORKING_DIRECTORY" value="$ModuleFileDir$" />
    </exec>
  </tool>
  <tool name="lint fix - console - current file" description="Fixes lint issues" showInMainMenu="false" showInEditor="false" showInProject="false" showInSearchPopup="false" disabled="false" useConsole="true" showConsoleOnStdOut="false" showConsoleOnStdErr="true" synchronizeAfterRun="true">
    <exec>
      <option name="COMMAND" value="npm" />
      <option name="PARAMETERS" value="run lint:fix -- $FilePathRelativeToProjectRoot$" />
      <option name="WORKING_DIRECTORY" value="$ModuleFileDir$" />
    </exec>
  </tool>
</toolSet>