<keymap version="1" name="Mac OS X 10.5+ copy" parent="Mac OS X 10.5+">
  <action id="Arrangement.Alias.Rule.Match.Condition.Move.Up" />
  <action id="Arrangement.Rule.Match.Condition.Move.Down" />
  <action id="Arrangement.Rule.Match.Condition.Move.Up" />
  <action id="Console.TableResult.NavigateAction">
    <keyboard-shortcut first-keystroke="f4" />
  </action>
  <action id="DSM.OpenInEditor">
    <keyboard-shortcut first-keystroke="f4" />
  </action>
  <action id="Database.OpenDbStorageAction">
    <keyboard-shortcut first-keystroke="f4" />
  </action>
  <action id="Debugger.EditFrameSource">
    <keyboard-shortcut first-keystroke="f4" />
  </action>
  <action id="DecrementWindowHeight" />
  <action id="DomCollectionControl.Edit">
    <keyboard-shortcut first-keystroke="f4" />
  </action>
  <action id="DomElementsTreeView.GotoDomElementDeclarationAction">
    <keyboard-shortcut first-keystroke="f4" />
  </action>
  <action id="EditSource">
    <keyboard-shortcut first-keystroke="f4" />
  </action>
  <action id="EditorDuplicateLines">
    <keyboard-shortcut first-keystroke="shift alt up" />
    <keyboard-shortcut first-keystroke="shift alt down" />
  </action>
  <action id="EditorSelectWord" />
  <action id="EditorTextEnd">
    <keyboard-shortcut first-keystroke="meta end" />
    <keyboard-shortcut first-keystroke="meta down" />
  </action>
  <action id="EditorTextEndWithSelection">
    <keyboard-shortcut first-keystroke="shift meta end" />
    <keyboard-shortcut first-keystroke="shift meta down" />
  </action>
  <action id="EditorTextStart">
    <keyboard-shortcut first-keystroke="meta home" />
    <keyboard-shortcut first-keystroke="meta up" />
  </action>
  <action id="EditorTextStartWithSelection">
    <keyboard-shortcut first-keystroke="shift meta home" />
    <keyboard-shortcut first-keystroke="shift meta up" />
  </action>
  <action id="EditorUnSelectWord" />
  <action id="ExternalSystem.OpenConfig">
    <keyboard-shortcut first-keystroke="f4" />
  </action>
  <action id="GotoTest" />
  <action id="Graph.Faces.OpenSelectedPages">
    <keyboard-shortcut first-keystroke="f4" />
  </action>
  <action id="Images.ShowThumbnails" />
  <action id="IncrementWindowHeight" />
  <action id="Jdbc.OpenConsole">
    <keyboard-shortcut first-keystroke="f4" />
  </action>
  <action id="Jdbc.OpenEditor">
    <keyboard-shortcut first-keystroke="f4" />
  </action>
  <action id="MethodOverloadSwitchDown" />
  <action id="MethodOverloadSwitchUp" />
  <action id="MoveLineDown">
    <keyboard-shortcut first-keystroke="alt down" />
  </action>
  <action id="MoveLineUp">
    <keyboard-shortcut first-keystroke="alt up" />
  </action>
  <action id="MoveStatementDown" />
  <action id="MoveStatementUp" />
  <action id="OpenModuleSettings">
    <keyboard-shortcut first-keystroke="f4" />
  </action>
  <action id="RemoteHostView.EditSource">
    <keyboard-shortcut first-keystroke="f4" />
  </action>
  <action id="ReopenClosedTab">
    <keyboard-shortcut first-keystroke="shift meta t" />
  </action>
  <action id="ResetColumnsWidth" />
  <action id="ResizeToolWindowDown" />
  <action id="ResizeToolWindowUp" />
  <action id="RunDashboard.EditConfiguration">
    <keyboard-shortcut first-keystroke="f4" />
  </action>
  <action id="RunDashboard.ShowConfigurations" />
  <action id="Scala.SendSelectionToConsole" />
  <action id="Scala.ShowImplicits">
    <keyboard-shortcut first-keystroke="shift ctrl alt equals" />
    <keyboard-shortcut first-keystroke="shift ctrl alt add" />
  </action>
  <action id="ShowNavBar">
    <keyboard-shortcut first-keystroke="alt home" />
  </action>
  <action id="ShowSearchHistory" />
  <action id="SmartSelect" />
  <action id="StringManipulation.Sort">
    <keyboard-shortcut first-keystroke="shift meta s" />
  </action>
  <action id="TableResult.GrowSelection" />
  <action id="Tool_External Tools_lint fix">
    <keyboard-shortcut first-keystroke="shift meta x" />
  </action>
  <action id="Tool_External Tools_lint fix - console">
    <keyboard-shortcut first-keystroke="shift ctrl x" />
  </action>
  <action id="Tool_External Tools_lint fix - current file">
    <keyboard-shortcut first-keystroke="shift meta x" />
  </action>
  <action id="UsageView.ShowRecentFindUsages" />
  <action id="Vcs.EditSource">
    <keyboard-shortcut first-keystroke="f4" />
  </action>
  <action id="Vcs.Log.OpenRepositoryVersion">
    <keyboard-shortcut first-keystroke="f4" />
  </action>
  <action id="XDebugger.JumpToSource">
    <keyboard-shortcut first-keystroke="f4" />
  </action>
</keymap>